,Mutant_A,Mutant_B,Fitness_A,Fitness_B,Fitness_AB,Epistasis
0,AATGAACCG,AATGAACGC,-0.31518393390065674,0.08013256527471359,-0.38583099428535944,Negative
1,AATGAACCG,AATGAACGT,-0.31518393390065674,0.04170217244806308,-0.4182296274058081,Negative
2,AATGAACCG,AATGAACGA,-0.31518393390065674,0.04638868628504073,-0.44846277108661214,Negative
3,AATGAACTG,AATGAACGC,0.9568663113231166,0.08013256527471359,1.0518066837712912,No
4,AATGAACTG,AATGAACGT,0.9568663113231166,0.04170217244806308,1.0317631872425757,Positive
5,AATGAACTG,AATGAACGA,0.9568663113231166,0.04638868628504073,1.007856721472838,No
6,AATGAACAG,AATGAACGC,0.8595514422739643,0.08013256527471359,0.3575111230811108,Negative
7,AATGAACAG,AATGAACGT,0.8595514422739643,0.04170217244806308,0.269283120741051,Negative
8,AATGAACAG,AATGAACGA,0.8595514422739643,0.04638868628504073,0.9000926199006539,No
9,AATGAAGGG,AATGAACGC,0.10457851389655748,0.08013256527471359,0.12207248593365798,Negative
10,AATGAAGGG,AATGAACGT,0.10457851389655748,0.04170217244806308,0.14690173724031888,No
11,AATGAAGGG,AATGAACGA,0.10457851389655748,0.04638868628504073,0.11996392951169309,Negative
12,AATGAATGG,AATGAACGC,0.7289074501442324,0.08013256527471359,0.5822689183099872,Negative
13,AATGAATGG,AATGAACGT,0.7289074501442324,0.04170217244806308,0.5177455046640861,Negative
14,AATGAATGG,AATGAACGA,0.7289074501442324,0.04638868628504073,-0.6402856391667404,Reciprocal Sign
15,AATGAAAGG,AATGAACGC,-0.011885674478452131,0.08013256527471359,0.8155780847389369,Single Sign
16,AATGAAAGG,AATGAACGT,-0.011885674478452131,0.04170217244806308,0.7318237232994923,Single Sign
17,AATGAAAGG,AATGAACGA,-0.011885674478452131,0.04638868628504073,0.08119365493949107,Single Sign
18,AATGAAGGG,AATGAACCG,0.10457851389655748,-0.31518393390065674,0.6261636129880005,Single Sign
19,AATGAAGGG,AATGAACTG,0.10457851389655748,0.9568663113231166,1.0778390327569312,No
20,AATGAAGGG,AATGAACAG,0.10457851389655748,0.8595514422739643,-0.41955324123426624,Reciprocal Sign
21,AATGAATGG,AATGAACCG,0.7289074501442324,-0.31518393390065674,0.369918349506658,Negative
22,AATGAATGG,AATGAACTG,0.7289074501442324,0.9568663113231166,0.8471957191717844,Negative
23,AATGAATGG,AATGAACAG,0.7289074501442324,0.8595514422739643,0.044978220153368005,Negative
24,AATGAAAGG,AATGAACCG,-0.011885674478452131,-0.31518393390065674,0.9967469715681471,Reciprocal Sign
25,AATGAAAGG,AATGAACTG,-0.011885674478452131,0.9568663113231166,1.2963828845510759,Single Sign
26,AATGAAAGG,AATGAACAG,-0.011885674478452131,0.8595514422739643,-0.23825764328240834,Negative
27,AATGACCGG,AATGAACGC,0.6553018324605931,0.08013256527471359,0.48224493009165526,Negative
28,AATGACCGG,AATGAACGT,0.6553018324605931,0.04170217244806308,0.5232147845315184,Negative
29,AATGACCGG,AATGAACGA,0.6553018324605931,0.04638868628504073,0.6190434513926423,Negative
30,AATGAGCGG,AATGAACGC,0.02531258058023149,0.08013256527471359,0.07541642453355313,Negative
31,AATGAGCGG,AATGAACGT,0.02531258058023149,0.04170217244806308,-0.03743352313964296,Reciprocal Sign
32,AATGAGCGG,AATGAACGA,0.02531258058023149,0.04638868628504073,-0.05678683699588382,Reciprocal Sign
33,AATGATCGG,AATGAACGC,0.4468454267300339,0.08013256527471359,0.606549241980161,Positive
34,AATGATCGG,AATGAACGT,0.4468454267300339,0.04170217244806308,0.6127057022684086,Positive
35,AATGATCGG,AATGAACGA,0.4468454267300339,0.04638868628504073,0.5754651704346522,Positive
36,AATGACCGG,AATGAACCG,0.6553018324605931,-0.31518393390065674,-0.11460497555437353,Negative
37,AATGACCGG,AATGAACTG,0.6553018324605931,0.9568663113231166,0.18457854068721682,Negative
38,AATGACCGG,AATGAACAG,0.6553018324605931,0.8595514422739643,1.2646544836842792,Negative
39,AATGAGCGG,AATGAACCG,0.02531258058023149,-0.31518393390065674,-0.4596292173477978,Negative
40,AATGAGCGG,AATGAACTG,0.02531258058023149,0.9568663113231166,0.9329638193577695,Negative
41,AATGAGCGG,AATGAACAG,0.02531258058023149,0.8595514422739643,0.9274579476099409,Positive
42,AATGATCGG,AATGAACCG,0.4468454267300339,-0.31518393390065674,-0.07611559788237279,Negative
43,AATGATCGG,AATGAACTG,0.4468454267300339,0.9568663113231166,0.14699841236415395,Negative
44,AATGATCGG,AATGAACAG,0.4468454267300339,0.8595514422739643,0.973277185365513,Negative
45,AATGACCGG,AATGAAGGG,0.6553018324605931,0.10457851389655748,0.8361927361266668,Positive
46,AATGACCGG,AATGAATGG,0.6553018324605931,0.7289074501442324,1.074730474196998,Negative
47,AATGACCGG,AATGAAAGG,0.6553018324605931,-0.011885674478452131,0.6825970899778371,Single Sign
48,AATGAGCGG,AATGAAGGG,0.02531258058023149,0.10457851389655748,0.124287431733209,No
49,AATGAGCGG,AATGAATGG,0.02531258058023149,0.7289074501442324,0.757256284352542,No
50,AATGAGCGG,AATGAAAGG,0.02531258058023149,-0.011885674478452131,-0.08685338445400907,Negative
51,AATGATCGG,AATGAAGGG,0.4468454267300339,0.10457851389655748,0.8508612883037789,Positive
52,AATGATCGG,AATGAATGG,0.4468454267300339,0.7289074501442324,1.2425419954636914,Positive
53,AATGATCGG,AATGAAAGG,0.4468454267300339,-0.011885674478452131,0.7017168838195527,Single Sign
54,AATGCACGG,AATGAACGC,-0.7686752601411921,0.08013256527471359,-0.6719365178469102,No
55,AATGCACGG,AATGAACGT,-0.7686752601411921,0.04170217244806308,-0.6873765853980549,Positive
56,AATGCACGG,AATGAACGA,-0.7686752601411921,0.04638868628504073,-0.6811686258832653,Positive
57,AATGGACGG,AATGAACGC,-0.743046238626425,0.08013256527471359,-0.7217140676469521,Negative
58,AATGGACGG,AATGAACGT,-0.743046238626425,0.04170217244806308,-0.7521513285154783,Negative
59,AATGGACGG,AATGAACGA,-0.743046238626425,0.04638868628504073,-0.7139559891881789,No
60,AATGTACGG,AATGAACGC,-0.6348148698946264,0.08013256527471359,-0.31935873657045943,Positive
61,AATGTACGG,AATGAACGT,-0.6348148698946264,0.04170217244806308,-0.7951988401404133,Negative
62,AATGTACGG,AATGAACGA,-0.6348148698946264,0.04638868628504073,-0.7527296675784431,Negative
63,AATGCACGG,AATGAACCG,-0.7686752601411921,-0.31518393390065674,-0.7119422406521184,Positive
64,AATGCACGG,AATGAACTG,-0.7686752601411921,0.9568663113231166,-0.6433201219797628,Negative
65,AATGCACGG,AATGAACAG,-0.7686752601411921,0.8595514422739643,-0.7117286687201974,Negative
66,AATGGACGG,AATGAACCG,-0.743046238626425,-0.31518393390065674,-0.6888450228520817,Positive
67,AATGGACGG,AATGAACTG,-0.743046238626425,0.9568663113231166,-0.6496616705756842,Negative
68,AATGGACGG,AATGAACAG,-0.743046238626425,0.8595514422739643,-0.713999547740069,Negative
69,AATGTACGG,AATGAACCG,-0.6348148698946264,-0.31518393390065674,-0.6646217998568698,Positive
70,AATGTACGG,AATGAACTG,-0.6348148698946264,0.9568663113231166,-0.7360865074665731,Negative
71,AATGTACGG,AATGAACAG,-0.6348148698946264,0.8595514422739643,-0.7336808601496094,Negative
72,AATGCACGG,AATGAAGGG,-0.7686752601411921,0.10457851389655748,-0.6389754096857662,Positive
73,AATGCACGG,AATGAATGG,-0.7686752601411921,0.7289074501442324,-0.7536087419723239,Negative
74,AATGCACGG,AATGAAAGG,-0.7686752601411921,-0.011885674478452131,-0.7113215262842725,Positive
75,AATGGACGG,AATGAAGGG,-0.743046238626425,0.10457851389655748,-0.778648922523055,Negative
76,AATGGACGG,AATGAATGG,-0.743046238626425,0.7289074501442324,-0.7649167705769911,Negative
77,AATGGACGG,AATGAAAGG,-0.743046238626425,-0.011885674478452131,-0.6463573072610608,Positive
78,AATGTACGG,AATGAAGGG,-0.6348148698946264,0.10457851389655748,-0.6906472079464799,Negative
79,AATGTACGG,AATGAATGG,-0.6348148698946264,0.7289074501442324,-0.6752213955245605,Negative
80,AATGTACGG,AATGAAAGG,-0.6348148698946264,-0.011885674478452131,-0.6463158412080414,No
81,AATGCACGG,AATGACCGG,-0.7686752601411921,0.6553018324605931,-0.7758239300146023,Negative
82,AATGCACGG,AATGAGCGG,-0.7686752601411921,0.02531258058023149,-0.723238858795512,No
83,AATGCACGG,AATGATCGG,-0.7686752601411921,0.4468454267300339,-0.6563342585931602,Negative
84,AATGGACGG,AATGACCGG,-0.743046238626425,0.6553018324605931,-0.6680960633701473,Negative
85,AATGGACGG,AATGAGCGG,-0.743046238626425,0.02531258058023149,-0.7238961848825457,No
86,AATGGACGG,AATGATCGG,-0.743046238626425,0.4468454267300339,-0.6177239266321212,Negative
87,AATGTACGG,AATGACCGG,-0.6348148698946264,0.6553018324605931,-0.7089791837494019,Negative
88,AATGTACGG,AATGAGCGG,-0.6348148698946264,0.02531258058023149,-0.8751586046410064,Negative
89,AATGTACGG,AATGATCGG,-0.6348148698946264,0.4468454267300339,-0.7343753149252731,Negative
90,AATCAACGG,AATGAACGC,-0.5890241104075351,0.08013256527471359,-0.7514157891926094,Negative
91,AATCAACGG,AATGAACGT,-0.5890241104075351,0.04170217244806308,-0.8901007214464483,Negative
92,AATCAACGG,AATGAACGA,-0.5890241104075351,0.04638868628504073,-0.7418122734735301,Negative
93,AATTAACGG,AATGAACGC,-0.7860418498856386,0.08013256527471359,-0.7485655497685576,Negative
94,AATTAACGG,AATGAACGT,-0.7860418498856386,0.04170217244806308,-0.6993643324549549,Positive
95,AATTAACGG,AATGAACGA,-0.7860418498856386,0.04638868628504073,-0.7252178641804458,No
96,AATAAACGG,AATGAACGC,-0.700190255154429,0.08013256527471359,-0.6811587872460445,Negative
97,AATAAACGG,AATGAACGT,-0.700190255154429,0.04170217244806308,-0.6812092872550826,No
98,AATAAACGG,AATGAACGA,-0.700190255154429,0.04638868628504073,-0.7836047907027223,Negative
99,AATCAACGG,AATGAACCG,-0.5890241104075351,-0.31518393390065674,-0.7022464775783839,Positive
100,AATCAACGG,AATGAACTG,-0.5890241104075351,0.9568663113231166,-0.7309218712180143,Negative
101,AATCAACGG,AATGAACAG,-0.5890241104075351,0.8595514422739643,-0.7899121095750324,Negative
102,AATTAACGG,AATGAACCG,-0.7860418498856386,-0.31518393390065674,-0.6080248147525273,Positive
103,AATTAACGG,AATGAACTG,-0.7860418498856386,0.9568663113231166,-0.7277414647826357,Negative
104,AATTAACGG,AATGAACAG,-0.7860418498856386,0.8595514422739643,-0.6692949628882596,Negative
105,AATAAACGG,AATGAACCG,-0.700190255154429,-0.31518393390065674,-0.6915557831115529,Positive
106,AATAAACGG,AATGAACTG,-0.700190255154429,0.9568663113231166,-0.7163371051374136,Negative
107,AATAAACGG,AATGAACAG,-0.700190255154429,0.8595514422739643,-0.7733539311582507,Negative
108,AATCAACGG,AATGAAGGG,-0.5890241104075351,0.10457851389655748,-0.7111423879450156,Negative
109,AATCAACGG,AATGAATGG,-0.5890241104075351,0.7289074501442324,-0.7061572432353851,Negative
110,AATCAACGG,AATGAAAGG,-0.5890241104075351,-0.011885674478452131,-0.7829412424428022,Negative
111,AATTAACGG,AATGAAGGG,-0.7860418498856386,0.10457851389655748,-0.762505797062417,Negative
112,AATTAACGG,AATGAATGG,-0.7860418498856386,0.7289074501442324,-0.7680591763967862,Negative
113,AATTAACGG,AATGAAAGG,-0.7860418498856386,-0.011885674478452131,-0.7273008370222795,Positive
114,AATAAACGG,AATGAAGGG,-0.700190255154429,0.10457851389655748,-0.7233817682041573,Negative
115,AATAAACGG,AATGAATGG,-0.700190255154429,0.7289074501442324,-0.6371532038677705,Negative
116,AATAAACGG,AATGAAAGG,-0.700190255154429,-0.011885674478452131,-0.6487636852880794,Positive
117,AATCAACGG,AATGACCGG,-0.5890241104075351,0.6553018324605931,-0.6669067956568729,Negative
118,AATCAACGG,AATGAGCGG,-0.5890241104075351,0.02531258058023149,-0.7470105923756426,Negative
119,AATCAACGG,AATGATCGG,-0.5890241104075351,0.4468454267300339,-0.7066047084136861,Negative
120,AATTAACGG,AATGACCGG,-0.7860418498856386,0.6553018324605931,-0.7102812344939498,Negative
121,AATTAACGG,AATGAGCGG,-0.7860418498856386,0.02531258058023149,-0.7330897511903379,Positive
122,AATTAACGG,AATGATCGG,-0.7860418498856386,0.4468454267300339,-0.7111698110399876,Negative
123,AATAAACGG,AATGACCGG,-0.700190255154429,0.6553018324605931,-0.746285479412662,Negative
124,AATAAACGG,AATGAGCGG,-0.700190255154429,0.02531258058023149,-0.6738855682593435,No
125,AATAAACGG,AATGATCGG,-0.700190255154429,0.4468454267300339,-0.737475825605914,Negative
126,AATCAACGG,AATGCACGG,-0.5890241104075351,-0.7686752601411921,-0.7317066253234803,Positive
127,AATCAACGG,AATGGACGG,-0.5890241104075351,-0.743046238626425,-0.6555140570212337,Positive
128,AATCAACGG,AATGTACGG,-0.5890241104075351,-0.6348148698946264,-0.6267463252671178,Positive
129,AATTAACGG,AATGCACGG,-0.7860418498856386,-0.7686752601411921,-0.774864827991962,Positive
130,AATTAACGG,AATGGACGG,-0.7860418498856386,-0.743046238626425,-0.7199242609098029,Positive
131,AATTAACGG,AATGTACGG,-0.7860418498856386,-0.6348148698946264,-0.790076359300649,Positive
132,AATAAACGG,AATGCACGG,-0.700190255154429,-0.7686752601411921,-0.7347335791361029,Positive
133,AATAAACGG,AATGGACGG,-0.700190255154429,-0.743046238626425,-0.6638055205131643,Positive
134,AATAAACGG,AATGTACGG,-0.700190255154429,-0.6348148698946264,-0.7235445704979804,Positive
135,AACGAACGG,AATGAACGC,-0.01866394920017224,0.08013256527471359,-0.11840597926645959,Negative
136,AACGAACGG,AATGAACGT,-0.01866394920017224,0.04170217244806308,-0.09310717265618577,Negative
137,AACGAACGG,AATGAACGA,-0.01866394920017224,0.04638868628504073,-0.07562435254942713,Negative
138,AAGGAACGG,AATGAACGC,0.09284212691244648,0.08013256527471359,0.30505693123949984,Positive
139,AAGGAACGG,AATGAACGT,0.09284212691244648,0.04170217244806308,0.23969852086542243,Positive
140,AAGGAACGG,AATGAACGA,0.09284212691244648,0.04638868628504073,0.2037728008075731,Positive
141,AAAGAACGG,AATGAACGC,0.15811575040741455,0.08013256527471359,0.3052789953345194,Positive
142,AAAGAACGG,AATGAACGT,0.15811575040741455,0.04170217244806308,0.24173494874135576,Positive
143,AAAGAACGG,AATGAACGA,0.15811575040741455,0.04638868628504073,0.20961150564248202,No
144,AACGAACGG,AATGAACCG,-0.01866394920017224,-0.31518393390065674,-0.4558027640400193,Negative
145,AACGAACGG,AATGAACTG,-0.01866394920017224,0.9568663113231166,0.9603009710465953,No
146,AACGAACGG,AATGAACAG,-0.01866394920017224,0.8595514422739643,0.7594648624728629,Negative
147,AAGGAACGG,AATGAACCG,0.09284212691244648,-0.31518393390065674,-0.4394569045605561,Negative
148,AAGGAACGG,AATGAACTG,0.09284212691244648,0.9568663113231166,1.1393831043887577,Positive
149,AAGGAACGG,AATGAACAG,0.09284212691244648,0.8595514422739643,1.0569072182370294,Positive
150,AAAGAACGG,AATGAACCG,0.15811575040741455,-0.31518393390065674,-0.4332410290939102,Negative
151,AAAGAACGG,AATGAACTG,0.15811575040741455,0.9568663113231166,1.1557495467099945,Positive
152,AAAGAACGG,AATGAACAG,0.15811575040741455,0.8595514422739643,0.9893005649137289,Negative
153,AACGAACGG,AATGAAGGG,-0.01866394920017224,0.10457851389655748,0.14392908213017652,Single Sign
154,AACGAACGG,AATGAATGG,-0.01866394920017224,0.7289074501442324,0.7222146234676965,No
155,AACGAACGG,AATGAAAGG,-0.01866394920017224,-0.011885674478452131,-0.053063075832058985,No
156,AAGGAACGG,AATGAAGGG,0.09284212691244648,0.10457851389655748,0.2721336966548667,Positive
157,AAGGAACGG,AATGAATGG,0.09284212691244648,0.7289074501442324,0.857140297053172,Positive
158,AAGGAACGG,AATGAAAGG,0.09284212691244648,-0.011885674478452131,0.12477551771448009,Single Sign
159,AAAGAACGG,AATGAAGGG,0.15811575040741455,0.10457851389655748,0.3699017090134774,Positive
160,AAAGAACGG,AATGAATGG,0.15811575040741455,0.7289074501442324,0.9081545198130682,No
161,AAAGAACGG,AATGAAAGG,0.15811575040741455,-0.011885674478452131,0.14909071839327342,No
162,AACGAACGG,AATGACCGG,-0.01866394920017224,0.6553018324605931,0.5706884156645075,Negative
163,AACGAACGG,AATGAGCGG,-0.01866394920017224,0.02531258058023149,-0.0781663994255488,Negative
164,AACGAACGG,AATGATCGG,-0.01866394920017224,0.4468454267300339,0.28536053004413847,Negative
165,AAGGAACGG,AATGACCGG,0.09284212691244648,0.6553018324605931,0.6166084770496645,Negative
166,AAGGAACGG,AATGAGCGG,0.09284212691244648,0.02531258058023149,0.11557617704077558,No
167,AAGGAACGG,AATGATCGG,0.09284212691244648,0.4468454267300339,0.49392289417894447,Negative
168,AAAGAACGG,AATGACCGG,0.15811575040741455,0.6553018324605931,0.6644598082922077,Negative
169,AAAGAACGG,AATGAGCGG,0.15811575040741455,0.02531258058023149,0.22129427925451517,Positive
170,AAAGAACGG,AATGATCGG,0.15811575040741455,0.4468454267300339,0.4096930611271319,Negative
171,AACGAACGG,AATGCACGG,-0.01866394920017224,-0.7686752601411921,-0.6399384680507899,Positive
172,AACGAACGG,AATGGACGG,-0.01866394920017224,-0.743046238626425,-0.6428753476778439,Positive
173,AACGAACGG,AATGTACGG,-0.01866394920017224,-0.6348148698946264,-0.6688998279640349,No
174,AAGGAACGG,AATGCACGG,0.09284212691244648,-0.7686752601411921,-0.6889717165043078,No
175,AAGGAACGG,AATGGACGG,0.09284212691244648,-0.743046238626425,-0.7372748085906704,Negative
176,AAGGAACGG,AATGTACGG,0.09284212691244648,-0.6348148698946264,-0.774910639440517,Negative
177,AAAGAACGG,AATGCACGG,0.15811575040741455,-0.7686752601411921,-0.7514828519819642,Negative
178,AAAGAACGG,AATGGACGG,0.15811575040741455,-0.743046238626425,-0.6631607606502724,Negative
179,AAAGAACGG,AATGTACGG,0.15811575040741455,-0.6348148698946264,-0.6411896950355885,Negative
180,AACGAACGG,AATCAACGG,-0.01866394920017224,-0.5890241104075351,-0.7149726253612704,Negative
181,AACGAACGG,AATTAACGG,-0.01866394920017224,-0.7860418498856386,-0.7029063847775089,Positive
182,AACGAACGG,AATAAACGG,-0.01866394920017224,-0.700190255154429,-0.7807112450470487,Negative
183,AAGGAACGG,AATCAACGG,0.09284212691244648,-0.5890241104075351,-0.7383191759242717,Negative
184,AAGGAACGG,AATTAACGG,0.09284212691244648,-0.7860418498856386,-0.7893657215140375,Negative
185,AAGGAACGG,AATAAACGG,0.09284212691244648,-0.700190255154429,-0.6241431432480504,No
186,AAAGAACGG,AATCAACGG,0.15811575040741455,-0.5890241104075351,-0.675549958336978,Negative
187,AAAGAACGG,AATTAACGG,0.15811575040741455,-0.7860418498856386,-0.7096778226257019,Negative
188,AAAGAACGG,AATAAACGG,0.15811575040741455,-0.700190255154429,-0.7148876021403587,Negative
189,ACTGAACGG,AATGAACGC,0.057914291053637705,0.08013256527471359,0.16992490485387096,Positive
190,ACTGAACGG,AATGAACGT,0.057914291053637705,0.04170217244806308,0.14081368740933828,Positive
191,ACTGAACGG,AATGAACGA,0.057914291053637705,0.04638868628504073,0.19030847949589436,Positive
192,AGTGAACGG,AATGAACGC,-0.06932225034037254,0.08013256527471359,0.09600251245292024,Single Sign
193,AGTGAACGG,AATGAACGT,-0.06932225034037254,0.04170217244806308,0.007586856882828086,Positive
194,AGTGAACGG,AATGAACGA,-0.06932225034037254,0.04638868628504073,0.07948410416173599,Single Sign
195,ATTGAACGG,AATGAACGC,0.021369817666313427,0.08013256527471359,0.10317878343584758,No
196,ATTGAACGG,AATGAACGT,0.021369817666313427,0.04170217244806308,0.057982312969657515,No
197,ATTGAACGG,AATGAACGA,0.021369817666313427,0.04638868628504073,0.03073704333708635,Negative
198,ACTGAACGG,AATGAACCG,0.057914291053637705,-0.31518393390065674,-0.511634745951505,Negative
199,ACTGAACGG,AATGAACTG,0.057914291053637705,0.9568663113231166,1.0881330059237733,Positive
200,ACTGAACGG,AATGAACAG,0.057914291053637705,0.8595514422739643,1.013812454828483,Positive
201,AGTGAACGG,AATGAACCG,-0.06932225034037254,-0.31518393390065674,-0.25773863551606896,Positive
202,AGTGAACGG,AATGAACTG,-0.06932225034037254,0.9568663113231166,1.0739886947554478,Single Sign
203,AGTGAACGG,AATGAACAG,-0.06932225034037254,0.8595514422739643,0.7095837711744332,Negative
204,ATTGAACGG,AATGAACCG,0.021369817666313427,-0.31518393390065674,-0.5848147393435028,Negative
205,ATTGAACGG,AATGAACTG,0.021369817666313427,0.9568663113231166,0.9851530958833323,No
206,ATTGAACGG,AATGAACAG,0.021369817666313427,0.8595514422739643,0.803915242831448,Negative
207,ACTGAACGG,AATGAAGGG,0.057914291053637705,0.10457851389655748,0.14108647761841006,No
208,ACTGAACGG,AATGAATGG,0.057914291053637705,0.7289074501442324,0.6538737149228817,Negative
209,ACTGAACGG,AATGAAAGG,0.057914291053637705,-0.011885674478452131,0.08936595996018112,Single Sign
210,AGTGAACGG,AATGAAGGG,-0.06932225034037254,0.10457851389655748,0.09766702522949954,Positive
211,AGTGAACGG,AATGAATGG,-0.06932225034037254,0.7289074501442324,0.6063372856416225,Negative
212,AGTGAACGG,AATGAAAGG,-0.06932225034037254,-0.011885674478452131,-0.03807642044434888,Positive
213,ATTGAACGG,AATGAAGGG,0.021369817666313427,0.10457851389655748,-0.2939511240180243,Reciprocal Sign
214,ATTGAACGG,AATGAATGG,0.021369817666313427,0.7289074501442324,0.07571865328248574,Negative
215,ATTGAACGG,AATGAAAGG,0.021369817666313427,-0.011885674478452131,-0.02921582829260778,Negative
216,ACTGAACGG,AATGACCGG,0.057914291053637705,0.6553018324605931,0.6811154730916282,Negative
217,ACTGAACGG,AATGAGCGG,0.057914291053637705,0.02531258058023149,0.09826284811752002,No
218,ACTGAACGG,AATGATCGG,0.057914291053637705,0.4468454267300339,0.36354266809033553,Negative
219,AGTGAACGG,AATGACCGG,-0.06932225034037254,0.6553018324605931,0.6936891955059551,Single Sign
220,AGTGAACGG,AATGAGCGG,-0.06932225034037254,0.02531258058023149,-0.007495065921205791,Positive
221,AGTGAACGG,AATGATCGG,-0.06932225034037254,0.4468454267300339,0.37497236901018993,No
222,ATTGAACGG,AATGACCGG,0.021369817666313427,0.6553018324605931,0.7224237861348836,Positive
223,ATTGAACGG,AATGAGCGG,0.021369817666313427,0.02531258058023149,-0.043278356686152625,Reciprocal Sign
224,ATTGAACGG,AATGATCGG,0.021369817666313427,0.4468454267300339,0.5886011520181507,Positive
225,ACTGAACGG,AATGCACGG,0.057914291053637705,-0.7686752601411921,-0.6793637804938942,Positive
226,ACTGAACGG,AATGGACGG,0.057914291053637705,-0.743046238626425,-0.7195003581675121,Negative
227,ACTGAACGG,AATGTACGG,0.057914291053637705,-0.6348148698946264,-0.6922821434181513,Negative
228,AGTGAACGG,AATGCACGG,-0.06932225034037254,-0.7686752601411921,-0.6017164450101363,Positive
229,AGTGAACGG,AATGGACGG,-0.06932225034037254,-0.743046238626425,-0.706017603617189,Positive
230,AGTGAACGG,AATGTACGG,-0.06932225034037254,-0.6348148698946264,-0.654672264607756,Positive
231,ATTGAACGG,AATGCACGG,0.021369817666313427,-0.7686752601411921,-0.8122079831755324,Negative
232,ATTGAACGG,AATGGACGG,0.021369817666313427,-0.743046238626425,-0.7853063634840272,Negative
233,ATTGAACGG,AATGTACGG,0.021369817666313427,-0.6348148698946264,-0.7369596786710874,Negative
234,ACTGAACGG,AATCAACGG,0.057914291053637705,-0.5890241104075351,-0.7151742337104021,Negative
235,ACTGAACGG,AATTAACGG,0.057914291053637705,-0.7860418498856386,-0.7768215665890367,Negative
236,ACTGAACGG,AATAAACGG,0.057914291053637705,-0.700190255154429,-0.7509715816285303,Negative
237,AGTGAACGG,AATCAACGG,-0.06932225034037254,-0.5890241104075351,-0.6249943110412706,Positive
238,AGTGAACGG,AATTAACGG,-0.06932225034037254,-0.7860418498856386,-0.705747439032232,Positive
239,AGTGAACGG,AATAAACGG,-0.06932225034037254,-0.700190255154429,-0.6559904278768566,Positive
240,ATTGAACGG,AATCAACGG,0.021369817666313427,-0.5890241104075351,-0.6786563440588962,Negative
241,ATTGAACGG,AATTAACGG,0.021369817666313427,-0.7860418498856386,-0.7188064367607678,Positive
242,ATTGAACGG,AATAAACGG,0.021369817666313427,-0.700190255154429,-0.6459249426503223,Positive
243,ACTGAACGG,AACGAACGG,0.057914291053637705,-0.01866394920017224,0.1518907903804878,Single Sign
244,ACTGAACGG,AAGGAACGG,0.057914291053637705,0.09284212691244648,0.045688270489606816,Negative
245,ACTGAACGG,AAAGAACGG,0.057914291053637705,0.15811575040741455,0.04471461321072547,Negative
246,AGTGAACGG,AACGAACGG,-0.06932225034037254,-0.01866394920017224,-0.11356463548809365,Negative
247,AGTGAACGG,AAGGAACGG,-0.06932225034037254,0.09284212691244648,0.05624057414238957,Positive
248,AGTGAACGG,AAAGAACGG,-0.06932225034037254,0.15811575040741455,0.10079838340762518,No
249,ATTGAACGG,AACGAACGG,0.021369817666313427,-0.01866394920017224,-0.005708164874320341,No
250,ATTGAACGG,AAGGAACGG,0.021369817666313427,0.09284212691244648,-0.15764230368319823,Reciprocal Sign
251,ATTGAACGG,AAAGAACGG,0.021369817666313427,0.15811575040741455,-0.038955979158072654,Reciprocal Sign
252,CATGAACGG,AATGAACGC,0.13100513118683993,0.08013256527471359,0.26677895759488535,Positive
253,CATGAACGG,AATGAACGT,0.13100513118683993,0.04170217244806308,0.17875837945773412,No
254,CATGAACGG,AATGAACGA,0.13100513118683993,0.04638868628504073,0.12649695853470325,Negative
255,GATGAACGG,AATGAACGC,-0.006305140638214356,0.08013256527471359,0.1169918772870444,Single Sign
256,GATGAACGG,AATGAACGT,-0.006305140638214356,0.04170217244806308,0.07873662402221453,Single Sign
257,GATGAACGG,AATGAACGA,-0.006305140638214356,0.04638868628504073,0.03770847744041234,No
258,TATGAACGG,AATGAACGC,0.19494529889098006,0.08013256527471359,0.30909265833680294,Positive
259,TATGAACGG,AATGAACGT,0.19494529889098006,0.04170217244806308,0.3016761446897424,Positive
260,TATGAACGG,AATGAACGA,0.19494529889098006,0.04638868628504073,0.2565738769633414,No
261,CATGAACGG,AATGAACCG,0.13100513118683993,-0.31518393390065674,-0.5155429786982617,Negative
262,CATGAACGG,AATGAACTG,0.13100513118683993,0.9568663113231166,0.9882057487265993,Negative
263,CATGAACGG,AATGAACAG,0.13100513118683993,0.8595514422739643,0.946425631303984,Negative
264,GATGAACGG,AATGAACCG,-0.006305140638214356,-0.31518393390065674,-0.3537194422680961,Negative
265,GATGAACGG,AATGAACTG,-0.006305140638214356,0.9568663113231166,0.8803533796449982,Negative
266,GATGAACGG,AATGAACAG,-0.006305140638214356,0.8595514422739643,1.0030584944302325,Single Sign
267,TATGAACGG,AATGAACCG,0.19494529889098006,-0.31518393390065674,-0.5539945038189674,Negative
268,TATGAACGG,AATGAACTG,0.19494529889098006,0.9568663113231166,1.1190450460087724,Negative
269,TATGAACGG,AATGAACAG,0.19494529889098006,0.8595514422739643,0.973799190888603,Negative
270,CATGAACGG,AATGAAGGG,0.13100513118683993,0.10457851389655748,-0.11434399687362744,Reciprocal Sign
271,CATGAACGG,AATGAATGG,0.13100513118683993,0.7289074501442324,0.2830604473151713,Negative
272,CATGAACGG,AATGAAAGG,0.13100513118683993,-0.011885674478452131,0.06477321709574088,Negative
273,GATGAACGG,AATGAAGGG,-0.006305140638214356,0.10457851389655748,-0.18108087570104658,Negative
274,GATGAACGG,AATGAATGG,-0.006305140638214356,0.7289074501442324,0.6386689709017956,Negative
275,GATGAACGG,AATGAAAGG,-0.006305140638214356,-0.011885674478452131,0.06477694615453893,Reciprocal Sign
276,TATGAACGG,AATGAAGGG,0.19494529889098006,0.10457851389655748,-0.2657263464702046,Reciprocal Sign
277,TATGAACGG,AATGAATGG,0.19494529889098006,0.7289074501442324,0.06115918846149612,Negative
278,TATGAACGG,AATGAAAGG,0.19494529889098006,-0.011885674478452131,0.22746213955849937,Single Sign
279,CATGAACGG,AATGACCGG,0.13100513118683993,0.6553018324605931,0.6772822755879637,Negative
280,CATGAACGG,AATGAGCGG,0.13100513118683993,0.02531258058023149,0.14896911739276297,No
281,CATGAACGG,AATGATCGG,0.13100513118683993,0.4468454267300339,0.46410171461877225,Negative
282,GATGAACGG,AATGACCGG,-0.006305140638214356,0.6553018324605931,0.6667958658546266,No
283,GATGAACGG,AATGAGCGG,-0.006305140638214356,0.02531258058023149,0.03640941508308594,No
284,GATGAACGG,AATGATCGG,-0.006305140638214356,0.4468454267300339,0.4958905634358161,Single Sign
285,TATGAACGG,AATGACCGG,0.19494529889098006,0.6553018324605931,0.6920528380498168,Negative
286,TATGAACGG,AATGAGCGG,0.19494529889098006,0.02531258058023149,0.3017376842149615,Positive
287,TATGAACGG,AATGATCGG,0.19494529889098006,0.4468454267300339,0.52622015096787,Negative
288,CATGAACGG,AATGCACGG,0.13100513118683993,-0.7686752601411921,-0.8054537921355309,Negative
289,CATGAACGG,AATGGACGG,0.13100513118683993,-0.743046238626425,-0.6895965619114467,Negative
290,CATGAACGG,AATGTACGG,0.13100513118683993,-0.6348148698946264,-0.7733501606773018,Negative
291,GATGAACGG,AATGCACGG,-0.006305140638214356,-0.7686752601411921,-0.7768347424057588,No
292,GATGAACGG,AATGGACGG,-0.006305140638214356,-0.743046238626425,-0.7537074816234737,No
293,GATGAACGG,AATGTACGG,-0.006305140638214356,-0.6348148698946264,-0.767669312776281,Negative
294,TATGAACGG,AATGCACGG,0.19494529889098006,-0.7686752601411921,-0.6127009529311953,Negative
295,TATGAACGG,AATGGACGG,0.19494529889098006,-0.743046238626425,-0.8814864162773787,Negative
296,TATGAACGG,AATGTACGG,0.19494529889098006,-0.6348148698946264,-0.6637255826898861,Negative
297,CATGAACGG,AATCAACGG,0.13100513118683993,-0.5890241104075351,-0.6434701792108163,Negative
298,CATGAACGG,AATTAACGG,0.13100513118683993,-0.7860418498856386,-0.7559624118779821,Negative
299,CATGAACGG,AATAAACGG,0.13100513118683993,-0.700190255154429,-0.7662094682501004,Negative
300,GATGAACGG,AATCAACGG,-0.006305140638214356,-0.5890241104075351,-0.718845784236524,Negative
301,GATGAACGG,AATTAACGG,-0.006305140638214356,-0.7860418498856386,-0.7170097833005376,Positive
302,GATGAACGG,AATAAACGG,-0.006305140638214356,-0.700190255154429,-0.7364305623419574,Negative
303,TATGAACGG,AATCAACGG,0.19494529889098006,-0.5890241104075351,-0.7627179509489871,Negative
304,TATGAACGG,AATTAACGG,0.19494529889098006,-0.7860418498856386,-0.678874259807103,Negative
305,TATGAACGG,AATAAACGG,0.19494529889098006,-0.700190255154429,-0.8238723917219678,Negative
306,CATGAACGG,AACGAACGG,0.13100513118683993,-0.01866394920017224,0.09353017813867216,No
307,CATGAACGG,AAGGAACGG,0.13100513118683993,0.09284212691244648,-0.06867482201702386,Reciprocal Sign
308,CATGAACGG,AAAGAACGG,0.13100513118683993,0.15811575040741455,-0.07120627985682125,Reciprocal Sign
309,GATGAACGG,AACGAACGG,-0.006305140638214356,-0.01866394920017224,0.053545637456376034,Reciprocal Sign
310,GATGAACGG,AAGGAACGG,-0.006305140638214356,0.09284212691244648,-0.24273707241826828,Negative
311,GATGAACGG,AAAGAACGG,-0.006305140638214356,0.15811575040741455,-0.241711759776342,Negative
312,TATGAACGG,AACGAACGG,0.19494529889098006,-0.01866394920017224,0.1786866339879413,No
313,TATGAACGG,AAGGAACGG,0.19494529889098006,0.09284212691244648,-0.48775789020252536,Reciprocal Sign
314,TATGAACGG,AAAGAACGG,0.19494529889098006,0.15811575040741455,-0.7837394113258244,Reciprocal Sign
315,CATGAACGG,ACTGAACGG,0.13100513118683993,0.057914291053637705,-0.27693346710137234,Reciprocal Sign
316,CATGAACGG,AGTGAACGG,0.13100513118683993,-0.06932225034037254,0.10954423468506906,Positive
317,CATGAACGG,ATTGAACGG,0.13100513118683993,0.021369817666313427,0.25203736719415654,Positive
318,GATGAACGG,ACTGAACGG,-0.006305140638214356,0.057914291053637705,-0.36216753669232,Negative
319,GATGAACGG,AGTGAACGG,-0.006305140638214356,-0.06932225034037254,-0.31718924974402657,Negative
320,GATGAACGG,ATTGAACGG,-0.006305140638214356,0.021369817666313427,-0.06700085876832688,Negative
321,TATGAACGG,ACTGAACGG,0.19494529889098006,0.057914291053637705,-0.059457339621324753,Reciprocal Sign
322,TATGAACGG,AGTGAACGG,0.19494529889098006,-0.06932225034037254,-0.08837844358280153,Negative
323,TATGAACGG,ATTGAACGG,0.19494529889098006,0.021369817666313427,0.2485559211701419,Positive
